cik,accession,form,filed,company,exhibit_index_url,filing_base_dir
0000022444,0000022444-26-000021,8-K,2026-03-25,COMMERCIAL METALS Co  (CMC)  (CIK 0000022444),https://www.sec.gov/Archives/edgar/data/22444/000002244426000021/0000022444-26-000021-index.html,https://www.sec.gov/Archives/edgar/data/22444/000002244426000021
0000066382,0000066382-26-000036,8-K,2026-03-25,"MILLERKNOLL, INC.  (MLKN)  (CIK 0000066382)",https://www.sec.gov/Archives/edgar/data/66382/000006638226000036/0000066382-26-000036-index.html,https://www.sec.gov/Archives/edgar/data/66382/000006638226000036
0000075594,0000075594-26-000012,8-K,2026-03-25,PACIFICORP /OR/  (CIK 0000075594),https://www.sec.gov/Archives/edgar/data/75594/000007559426000012/0000075594-26-000012-index.html,https://www.sec.gov/Archives/edgar/data/75594/000007559426000012
0000092108,0000092108-26-000007,8-K,2026-03-25,"SOUTHERN CALIFORNIA GAS CO  (SOCGM, SOCGP)  (CIK 0000092108)",https://www.sec.gov/Archives/edgar/data/92108/000009210826000007/0000092108-26-000007-index.html,https://www.sec.gov/Archives/edgar/data/92108/000009210826000007
0000093410,0000093410-26-000103,8-K,2026-03-25,CHEVRON CORP  (CVX)  (CIK 0000093410),https://www.sec.gov/Archives/edgar/data/93410/000009341026000103/0000093410-26-000103-index.html,https://www.sec.gov/Archives/edgar/data/93410/000009341026000103
0000096223,0000096223-26-000012,8-K,2026-03-25,Jefferies Financial Group Inc.  (JEF)  (CIK 0000096223),https://www.sec.gov/Archives/edgar/data/96223/000009622326000012/0000096223-26-000012-index.html,https://www.sec.gov/Archives/edgar/data/96223/000009622326000012
0000103595,0000103595-26-000008,8-K,2026-03-25,VILLAGE SUPER MARKET INC  (VLGEA)  (CIK 0000103595),https://www.sec.gov/Archives/edgar/data/103595/000010359526000008/0000103595-26-000008-index.html,https://www.sec.gov/Archives/edgar/data/103595/000010359526000008
0000720005,0000720005-26-000043,8-K,2026-03-25,RAYMOND JAMES FINANCIAL INC  (RJF)  (CIK 0000720005),https://www.sec.gov/Archives/edgar/data/720005/000072000526000043/0000720005-26-000043-index.html,https://www.sec.gov/Archives/edgar/data/720005/000072000526000043
0000723254,0000723254-26-000006,8-K,2026-03-25,CINTAS CORP  (CTAS)  (CIK 0000723254),https://www.sec.gov/Archives/edgar/data/723254/000072325426000006/0000723254-26-000006-index.html,https://www.sec.gov/Archives/edgar/data/723254/000072325426000006
0000771992,0000771992-26-000031,6-K,2026-03-25,"PAN AMERICAN SILVER CORP  (PAAS, PAASF)  (CIK 0000771992)",https://www.sec.gov/Archives/edgar/data/771992/000077199226000031/0000771992-26-000031-index.html,https://www.sec.gov/Archives/edgar/data/771992/000077199226000031
0000775215,0000775215-26-000033,8-K,2026-03-25,"HBT Financial, Inc.  (HBT)  (CIK 0000775215)",https://www.sec.gov/Archives/edgar/data/775215/000077521526000033/0000775215-26-000033-index.html,https://www.sec.gov/Archives/edgar/data/775215/000077521526000033
0000821026,0000821026-26-000048,8-K,2026-03-25,"Andersons, Inc.  (ANDE)  (CIK 0000821026)",https://www.sec.gov/Archives/edgar/data/821026/000082102626000048/0000821026-26-000048-index.html,https://www.sec.gov/Archives/edgar/data/821026/000082102626000048
0000842517,0000842517-26-000085,8-K,2026-03-25,ISABELLA BANK CORP  (ISBA)  (CIK 0000842517),https://www.sec.gov/Archives/edgar/data/842517/000084251726000085/0000842517-26-000085-index.html,https://www.sec.gov/Archives/edgar/data/842517/000084251726000085
0000846617,0000846617-26-000020,8-K,2026-03-25,"Dime Community Bancshares, Inc. /NY/  (DCOM, DCOMG, DCOMP)  (CIK 0000846617)",https://www.sec.gov/Archives/edgar/data/846617/000084661726000020/0000846617-26-000020-index.html,https://www.sec.gov/Archives/edgar/data/846617/000084661726000020
0000883902,0000883902-26-000012,8-K,2026-03-25,"Cornerstone Building Brands, Inc.  (CIK 0000883902)",https://www.sec.gov/Archives/edgar/data/883902/000088390226000012/0000883902-26-000012-index.html,https://www.sec.gov/Archives/edgar/data/883902/000088390226000012
0000885508,0000885508-26-000006,8-K,2026-03-25,STRATUS PROPERTIES INC  (STRS)  (CIK 0000885508),https://www.sec.gov/Archives/edgar/data/885508/000088550826000006/0000885508-26-000006-index.html,https://www.sec.gov/Archives/edgar/data/885508/000088550826000006
0000915913,0000915913-26-000057,8-K,2026-03-25,"ALBEMARLE CORP  (ALB, ALB-PA)  (CIK 0000915913)",https://www.sec.gov/Archives/edgar/data/915913/000091591326000057/0000915913-26-000057-index.html,https://www.sec.gov/Archives/edgar/data/915913/000091591326000057
0000926617,0000926617-26-000012,8-K/A,2026-03-25,Aspira Women's Health Inc.  (AWHL)  (CIK 0000926617),https://www.sec.gov/Archives/edgar/data/926617/000092661726000012/0000926617-26-000012-index.html,https://www.sec.gov/Archives/edgar/data/926617/000092661726000012
0001851961,0000929638-26-001149,8-K,2026-03-25,"GCT Semiconductor Holding, Inc.  (GCTS, GCTS-WT)  (CIK 0001851961)",https://www.sec.gov/Archives/edgar/data/1851961/000092963826001149/0000929638-26-001149-index.html,https://www.sec.gov/Archives/edgar/data/1851961/000092963826001149
0001175151,0000929638-26-001150,8-K,2026-03-25,Cytosorbents Corp  (CTSO)  (CIK 0001175151),https://www.sec.gov/Archives/edgar/data/1175151/000092963826001150/0000929638-26-001150-index.html,https://www.sec.gov/Archives/edgar/data/1175151/000092963826001150
0000931427,0000931427-26-000002,6-K,2026-03-25,GAS TRANSPORTER OF THE SOUTH INC  (TGS)  (CIK 0000931427),https://www.sec.gov/Archives/edgar/data/931427/000093142726000002/0000931427-26-000002-index.html,https://www.sec.gov/Archives/edgar/data/931427/000093142726000002
0000932696,0000932696-26-000020,8-K/A,2026-03-25,INSIGHT ENTERPRISES INC  (NSIT)  (CIK 0000932696),https://www.sec.gov/Archives/edgar/data/932696/000093269626000020/0000932696-26-000020-index.html,https://www.sec.gov/Archives/edgar/data/932696/000093269626000020
0000932782,0000932782-26-000003,6-K,2026-03-25,MEXICAN PETROLEUM  (CIK 0000932782),https://www.sec.gov/Archives/edgar/data/932782/000093278226000003/0000932782-26-000003-index.html,https://www.sec.gov/Archives/edgar/data/932782/000093278226000003
0001754226,0000943374-26-000150,8-K,2026-03-25,"Orange County Bancorp, Inc. /DE/  (OBT)  (CIK 0001754226)",https://www.sec.gov/Archives/edgar/data/1754226/000094337426000150/0000943374-26-000150-index.html,https://www.sec.gov/Archives/edgar/data/1754226/000094337426000150
0001858985,0000950103-26-004606,6-K,2026-03-25,On Holding AG  (ONON)  (CIK 0001858985),https://www.sec.gov/Archives/edgar/data/1858985/000095010326004606/0000950103-26-004606-index.html,https://www.sec.gov/Archives/edgar/data/1858985/000095010326004606
0001819989,0000950103-26-004609,8-K,2026-03-25,Cipher Digital Inc.  (CIFR)  (CIK 0001819989),https://www.sec.gov/Archives/edgar/data/1819989/000095010326004609/0000950103-26-004609-index.html,https://www.sec.gov/Archives/edgar/data/1819989/000095010326004609
0001160106,0000950103-26-004610,6-K,2026-03-25,"Lloyds Banking Group plc  (LYG, LLDTF, LLOBF)  (CIK 0001160106)",https://www.sec.gov/Archives/edgar/data/1160106/000095010326004610/0000950103-26-004610-index.html,https://www.sec.gov/Archives/edgar/data/1160106/000095010326004610
0001103838,0000950103-26-004637,6-K,2026-03-25,ICICI BANK LTD  (IBN)  (CIK 0001103838),https://www.sec.gov/Archives/edgar/data/1103838/000095010326004637/0000950103-26-004637-index.html,https://www.sec.gov/Archives/edgar/data/1103838/000095010326004637
0001969373,0000950103-26-004638,6-K,2026-03-25,"Vesta Real Estate Corporation, S.A.B. de C.V.  (VTMX)  (CIK 0001969373)",https://www.sec.gov/Archives/edgar/data/1969373/000095010326004638/0000950103-26-004638-index.html,https://www.sec.gov/Archives/edgar/data/1969373/000095010326004638
0001356090,0000950103-26-004648,8-K,2026-03-25,"PRECIGEN, INC.  (PGEN)  (CIK 0001356090)",https://www.sec.gov/Archives/edgar/data/1356090/000095010326004648/0000950103-26-004648-index.html,https://www.sec.gov/Archives/edgar/data/1356090/000095010326004648
0000733099,0000950157-26-000425,6-K,2026-03-25,"ROGERS COMMUNICATIONS INC  (RCI, RCIAF)  (CIK 0000733099)",https://www.sec.gov/Archives/edgar/data/733099/000095015726000425/0000950157-26-000425-index.html,https://www.sec.gov/Archives/edgar/data/733099/000095015726000425
0001000623,0001000623-26-000027,8-K,2026-03-25,"Mativ Holdings, Inc.  (MATV)  (CIK 0001000623)",https://www.sec.gov/Archives/edgar/data/1000623/000100062326000027/0001000623-26-000027-index.html,https://www.sec.gov/Archives/edgar/data/1000623/000100062326000027
0001039684,0001039684-26-000008,8-K,2026-03-25,ONEOK INC /NEW/  (OKE)  (CIK 0001039684),https://www.sec.gov/Archives/edgar/data/1039684/000103968426000008/0001039684-26-000008-index.html,https://www.sec.gov/Archives/edgar/data/1039684/000103968426000008
0001046179,0001046179-26-000126,6-K,2026-03-25,"TAIWAN SEMICONDUCTOR MANUFACTURING CO LTD  (TSM, TSMWF)  (CIK 0001046179)",https://www.sec.gov/Archives/edgar/data/1046179/000104617926000126/0001046179-26-000126-index.html,https://www.sec.gov/Archives/edgar/data/1046179/000104617926000126
0001046257,0001046257-26-000113,8-K,2026-03-25,Ingredion Inc  (INGR)  (CIK 0001046257),https://www.sec.gov/Archives/edgar/data/1046257/000104625726000113/0001046257-26-000113-index.html,https://www.sec.gov/Archives/edgar/data/1046257/000104625726000113
0001498148,0001062993-26-001594,8-K,2026-03-25,"Artificial Intelligence Technology Solutions Inc.  (AITX, AITXD)  (CIK 0001498148)",https://www.sec.gov/Archives/edgar/data/1498148/000106299326001594/0001062993-26-001594-index.html,https://www.sec.gov/Archives/edgar/data/1498148/000106299326001594
0001904501,0001062993-26-001596,6-K,2026-03-25,Zentek Ltd.  (ZTEK)  (CIK 0001904501),https://www.sec.gov/Archives/edgar/data/1904501/000106299326001596/0001062993-26-001596-index.html,https://www.sec.gov/Archives/edgar/data/1904501/000106299326001596
0001440972,0001062993-26-001604,6-K,2026-03-25,Lithium Argentina AG  (LAR)  (CIK 0001440972),https://www.sec.gov/Archives/edgar/data/1440972/000106299326001604/0001062993-26-001604-index.html,https://www.sec.gov/Archives/edgar/data/1440972/000106299326001604
0001069258,0001069258-26-000034,8-K,2026-03-25,"KRATOS DEFENSE & SECURITY SOLUTIONS, INC.  (KTOS)  (CIK 0001069258)",https://www.sec.gov/Archives/edgar/data/1069258/000106925826000034/0001069258-26-000034-index.html,https://www.sec.gov/Archives/edgar/data/1069258/000106925826000034
0001282224,0001079973-26-000357,8-K,2026-03-25,"Dolphin Entertainment, Inc.  (DLPN)  (CIK 0001282224)",https://www.sec.gov/Archives/edgar/data/1282224/000107997326000357/0001079973-26-000357-index.html,https://www.sec.gov/Archives/edgar/data/1282224/000107997326000357
0001911467,0001096906-26-000373,8-K,2026-03-25,"Circle Energy, Inc./NV  (CRCE)  (CIK 0001911467)",https://www.sec.gov/Archives/edgar/data/1911467/000109690626000373/0001096906-26-000373-index.html,https://www.sec.gov/Archives/edgar/data/1911467/000109690626000373
0000918608,0001104659-26-033995,6-K,2026-03-25,ELDORADO GOLD CORP /FI  (EGO)  (CIK 0000918608),https://www.sec.gov/Archives/edgar/data/918608/000110465926033995/0001104659-26-033995-index.html,https://www.sec.gov/Archives/edgar/data/918608/000110465926033995
0001537137,0001104659-26-034029,6-K,2026-03-25,STANDARD LITHIUM LTD.  (SLI)  (CIK 0001537137),https://www.sec.gov/Archives/edgar/data/1537137/000110465926034029/0001104659-26-034029-index.html,https://www.sec.gov/Archives/edgar/data/1537137/000110465926034029
0001762417,0001104659-26-034063,6-K,2026-03-25,DouYu International Holdings Ltd  (DOYU)  (CIK 0001762417),https://www.sec.gov/Archives/edgar/data/1762417/000110465926034063/0001104659-26-034063-index.html,https://www.sec.gov/Archives/edgar/data/1762417/000110465926034063
0001758530,0001104659-26-034066,6-K,2026-03-25,So-Young International Inc.  (SY)  (CIK 0001758530),https://www.sec.gov/Archives/edgar/data/1758530/000110465926034066/0001104659-26-034066-index.html,https://www.sec.gov/Archives/edgar/data/1758530/000110465926034066
0000930157,0001104659-26-034082,6-K,2026-03-25,"RENTOKIL INITIAL PLC /FI  (RTO, RKLIF)  (CIK 0000930157)",https://www.sec.gov/Archives/edgar/data/930157/000110465926034082/0001104659-26-034082-index.html,https://www.sec.gov/Archives/edgar/data/930157/000110465926034082
0001575793,0001104659-26-034125,8-K,2026-03-25,Energous Corp  (WATT)  (CIK 0001575793),https://www.sec.gov/Archives/edgar/data/1575793/000110465926034125/0001104659-26-034125-index.html,https://www.sec.gov/Archives/edgar/data/1575793/000110465926034125
0001564180,0001104659-26-034126,6-K,2026-03-25,KNOT Offshore Partners LP  (KNOP)  (CIK 0001564180),https://www.sec.gov/Archives/edgar/data/1564180/000110465926034126/0001104659-26-034126-index.html,https://www.sec.gov/Archives/edgar/data/1564180/000110465926034126
0001499543,0001104659-26-034127,6-K,2026-03-25,NOAH HOLDINGS LTD  (NOAH)  (CIK 0001499543),https://www.sec.gov/Archives/edgar/data/1499543/000110465926034127/0001104659-26-034127-index.html,https://www.sec.gov/Archives/edgar/data/1499543/000110465926034127
0001795589,0001104659-26-034141,6-K,2026-03-25,"Kingsoft Cloud Holdings Ltd  (KC, KCLHF)  (CIK 0001795589)",https://www.sec.gov/Archives/edgar/data/1795589/000110465926034141/0001104659-26-034141-index.html,https://www.sec.gov/Archives/edgar/data/1795589/000110465926034141
0001842827,0001104659-26-034152,6-K,2026-03-25,Kanzhun Ltd  (BZ)  (CIK 0001842827),https://www.sec.gov/Archives/edgar/data/1842827/000110465926034152/0001104659-26-034152-index.html,https://www.sec.gov/Archives/edgar/data/1842827/000110465926034152
0002062583,0001104659-26-034156,8-K,2026-03-25,"MiniMed Group, Inc.  (MMED)  (CIK 0002062583)",https://www.sec.gov/Archives/edgar/data/2062583/000110465926034156/0001104659-26-034156-index.html,https://www.sec.gov/Archives/edgar/data/2062583/000110465926034156
0001612940,0001104659-26-034158,6-K,2026-03-25,ProQR Therapeutics N.V.  (PRQR)  (CIK 0001612940),https://www.sec.gov/Archives/edgar/data/1612940/000110465926034158/0001104659-26-034158-index.html,https://www.sec.gov/Archives/edgar/data/1612940/000110465926034158
0001374339,0001104659-26-034162,8-K,2026-03-25,ProMIS Neurosciences Inc.  (PMN)  (CIK 0001374339),https://www.sec.gov/Archives/edgar/data/1374339/000110465926034162/0001104659-26-034162-index.html,https://www.sec.gov/Archives/edgar/data/1374339/000110465926034162
0000723125,0001104659-26-034174,8-K,2026-03-25,MICRON TECHNOLOGY INC  (MU)  (CIK 0000723125),https://www.sec.gov/Archives/edgar/data/723125/000110465926034174/0001104659-26-034174-index.html,https://www.sec.gov/Archives/edgar/data/723125/000110465926034174
0001815846,0001104659-26-034178,6-K,2026-03-25,"MINISO Group Holding Ltd  (MNSO, MSOGF)  (CIK 0001815846)",https://www.sec.gov/Archives/edgar/data/1815846/000110465926034178/0001104659-26-034178-index.html,https://www.sec.gov/Archives/edgar/data/1815846/000110465926034178
0000727510,0001104659-26-034187,8-K,2026-03-25,"ENZON PHARMACEUTICALS, INC.  (ENZN)  (CIK 0000727510)",https://www.sec.gov/Archives/edgar/data/727510/000110465926034187/0001104659-26-034187-index.html,https://www.sec.gov/Archives/edgar/data/727510/000110465926034187
0002031283,0001104659-26-034199,8-K,2026-03-25,Stone Point Credit Income Fund  (CIK 0002031283),https://www.sec.gov/Archives/edgar/data/2031283/000110465926034199/0001104659-26-034199-index.html,https://www.sec.gov/Archives/edgar/data/2031283/000110465926034199
0001070081,0001104659-26-034207,8-K,2026-03-25,"PTC THERAPEUTICS, INC.  (PTCT)  (CIK 0001070081)",https://www.sec.gov/Archives/edgar/data/1070081/000110465926034207/0001104659-26-034207-index.html,https://www.sec.gov/Archives/edgar/data/1070081/000110465926034207
0001835724,0001104659-26-034208,6-K,2026-03-25,"Zhihu Inc.  (ZH, ZHIHF)  (CIK 0001835724)",https://www.sec.gov/Archives/edgar/data/1835724/000110465926034208/0001104659-26-034208-index.html,https://www.sec.gov/Archives/edgar/data/1835724/000110465926034208
0001861737,0001104659-26-034221,6-K,2026-03-25,"Hesai Group  (HSAI, HSIGF)  (CIK 0001861737)",https://www.sec.gov/Archives/edgar/data/1861737/000110465926034221/0001104659-26-034221-index.html,https://www.sec.gov/Archives/edgar/data/1861737/000110465926034221
0001625414,0001104659-26-034224,6-K,2026-03-25,Baozun Inc.  (BZUN)  (CIK 0001625414),https://www.sec.gov/Archives/edgar/data/1625414/000110465926034224/0001104659-26-034224-index.html,https://www.sec.gov/Archives/edgar/data/1625414/000110465926034224
0001625414,0001104659-26-034225,6-K,2026-03-25,Baozun Inc.  (BZUN)  (CIK 0001625414),https://www.sec.gov/Archives/edgar/data/1625414/000110465926034225/0001104659-26-034225-index.html,https://www.sec.gov/Archives/edgar/data/1625414/000110465926034225
0001823986,0001104659-26-034227,6-K,2026-03-25,Waterdrop Inc.  (WDH)  (CIK 0001823986),https://www.sec.gov/Archives/edgar/data/1823986/000110465926034227/0001104659-26-034227-index.html,https://www.sec.gov/Archives/edgar/data/1823986/000110465926034227
0000313838,0001104659-26-034301,6-K,2026-03-25,"Sony Group Corp  (SONY, SNEJF)  (CIK 0000313838)",https://www.sec.gov/Archives/edgar/data/313838/000110465926034301/0001104659-26-034301-index.html,https://www.sec.gov/Archives/edgar/data/313838/000110465926034301
0000313838,0001104659-26-034302,6-K,2026-03-25,"Sony Group Corp  (SONY, SNEJF)  (CIK 0000313838)",https://www.sec.gov/Archives/edgar/data/313838/000110465926034302/0001104659-26-034302-index.html,https://www.sec.gov/Archives/edgar/data/313838/000110465926034302
0001439697,0001104659-26-034471,8-K,2026-03-25,World Omni Auto Leasing LLC  (CIK 0001439697),https://www.sec.gov/Archives/edgar/data/1439697/000110465926034471/0001104659-26-034471-index.html,https://www.sec.gov/Archives/edgar/data/1439697/000110465926034471
0001795589,0001104659-26-034496,6-K,2026-03-25,"Kingsoft Cloud Holdings Ltd  (KC, KCLHF)  (CIK 0001795589)",https://www.sec.gov/Archives/edgar/data/1795589/000110465926034496/0001104659-26-034496-index.html,https://www.sec.gov/Archives/edgar/data/1795589/000110465926034496
0001867066,0001104659-26-034506,8-K,2026-03-25,Journey Medical Corp  (DERM)  (CIK 0001867066),https://www.sec.gov/Archives/edgar/data/1867066/000110465926034506/0001104659-26-034506-index.html,https://www.sec.gov/Archives/edgar/data/1867066/000110465926034506
0001771706,0001104659-26-034509,8-K,2026-03-25,Vireo Growth Inc.  (VREOF)  (CIK 0001771706),https://www.sec.gov/Archives/edgar/data/1771706/000110465926034509/0001104659-26-034509-index.html,https://www.sec.gov/Archives/edgar/data/1771706/000110465926034509
0002027033,0001104659-26-034510,8-K,2026-03-25,Eagle Point Trinity Senior Secured Lending Co  (CIK 0002027033),https://www.sec.gov/Archives/edgar/data/2027033/000110465926034510/0001104659-26-034510-index.html,https://www.sec.gov/Archives/edgar/data/2027033/000110465926034510
0001274173,0001104659-26-034515,8-K,2026-03-25,JANUS HENDERSON GROUP PLC  (JHG)  (CIK 0001274173),https://www.sec.gov/Archives/edgar/data/1274173/000110465926034515/0001104659-26-034515-index.html,https://www.sec.gov/Archives/edgar/data/1274173/000110465926034515
0001581091,0001104659-26-034518,8-K,2026-03-25,"RE/MAX Holdings, Inc.  (RMAX)  (CIK 0001581091)",https://www.sec.gov/Archives/edgar/data/1581091/000110465926034518/0001104659-26-034518-index.html,https://www.sec.gov/Archives/edgar/data/1581091/000110465926034518
0001951667,0001104659-26-034519,8-K,2026-03-25,CHEETAH NET SUPPLY CHAIN SERVICE INC.  (CTNT)  (CIK 0001951667),https://www.sec.gov/Archives/edgar/data/1951667/000110465926034519/0001104659-26-034519-index.html,https://www.sec.gov/Archives/edgar/data/1951667/000110465926034519
0000921114,0001104659-26-034523,8-K,2026-03-25,"Armata Pharmaceuticals, Inc.  (ARMP)  (CIK 0000921114)",https://www.sec.gov/Archives/edgar/data/921114/000110465926034523/0001104659-26-034523-index.html,https://www.sec.gov/Archives/edgar/data/921114/000110465926034523
0001289419,0001104659-26-034527,8-K,2026-03-25,"Morningstar, Inc.  (MORN)  (CIK 0001289419)",https://www.sec.gov/Archives/edgar/data/1289419/000110465926034527/0001104659-26-034527-index.html,https://www.sec.gov/Archives/edgar/data/1289419/000110465926034527
0000823768,0001104659-26-034537,8-K,2026-03-25,WASTE MANAGEMENT INC  (WM)  (CIK 0000823768),https://www.sec.gov/Archives/edgar/data/823768/000110465926034537/0001104659-26-034537-index.html,https://www.sec.gov/Archives/edgar/data/823768/000110465926034537
0000016868,0001104659-26-034550,6-K,2026-03-25,CANADIAN NATIONAL RAILWAY CO  (CNI)  (CIK 0000016868),https://www.sec.gov/Archives/edgar/data/16868/000110465926034550/0001104659-26-034550-index.html,https://www.sec.gov/Archives/edgar/data/16868/000110465926034550
0000016868,0001104659-26-034551,6-K,2026-03-25,CANADIAN NATIONAL RAILWAY CO  (CNI)  (CIK 0000016868),https://www.sec.gov/Archives/edgar/data/16868/000110465926034551/0001104659-26-034551-index.html,https://www.sec.gov/Archives/edgar/data/16868/000110465926034551
0001095651,0001104659-26-034563,8-K,2026-03-25,Safehold Inc.  (SAFE)  (CIK 0001095651),https://www.sec.gov/Archives/edgar/data/1095651/000110465926034563/0001104659-26-034563-index.html,https://www.sec.gov/Archives/edgar/data/1095651/000110465926034563
0001974640,0001104659-26-034579,8-K,2026-03-25,"Apogee Therapeutics, Inc.  (APGE)  (CIK 0001974640)",https://www.sec.gov/Archives/edgar/data/1974640/000110465926034579/0001104659-26-034579-index.html,https://www.sec.gov/Archives/edgar/data/1974640/000110465926034579
0001849089,0001104659-26-034592,8-K,2026-03-25,"Lafayette Square USA, Inc.  (CIK 0001849089)",https://www.sec.gov/Archives/edgar/data/1849089/000110465926034592/0001104659-26-034592-index.html,https://www.sec.gov/Archives/edgar/data/1849089/000110465926034592
0001725033,0001104659-26-034596,6-K,2026-03-25,X Financial  (XYF)  (CIK 0001725033),https://www.sec.gov/Archives/edgar/data/1725033/000110465926034596/0001104659-26-034596-index.html,https://www.sec.gov/Archives/edgar/data/1725033/000110465926034596
0001649989,0001104659-26-034601,8-K,2026-03-25,"Outlook Therapeutics, Inc.  (OTLK)  (CIK 0001649989)",https://www.sec.gov/Archives/edgar/data/1649989/000110465926034601/0001104659-26-034601-index.html,https://www.sec.gov/Archives/edgar/data/1649989/000110465926034601
0002094107,0001104659-26-034602,8-K,2026-03-25,"Ballston Spa Bancorp, Inc.  (BSPA)  (CIK 0002094107)",https://www.sec.gov/Archives/edgar/data/2094107/000110465926034602/0001104659-26-034602-index.html,https://www.sec.gov/Archives/edgar/data/2094107/000110465926034602
0001477845,0001104659-26-034611,8-K,2026-03-25,"Annovis Bio, Inc.  (ANVS)  (CIK 0001477845)",https://www.sec.gov/Archives/edgar/data/1477845/000110465926034611/0001104659-26-034611-index.html,https://www.sec.gov/Archives/edgar/data/1477845/000110465926034611
0001378950,0001140361-26-011022,8-K,2026-03-25,"CarParts.com, Inc.  (PRTS)  (CIK 0001378950)",https://www.sec.gov/Archives/edgar/data/1378950/000114036126011022/0001140361-26-011022-index.html,https://www.sec.gov/Archives/edgar/data/1378950/000114036126011022
0001855129,0001140361-26-011033,6-K,2026-03-25,GH Research PLC  (GHRS)  (CIK 0001855129),https://www.sec.gov/Archives/edgar/data/1855129/000114036126011033/0001140361-26-011033-index.html,https://www.sec.gov/Archives/edgar/data/1855129/000114036126011033
0001902649,0001140361-26-011092,8-K,2026-03-25,BlackRock Private Credit Fund  (CIK 0001902649),https://www.sec.gov/Archives/edgar/data/1902649/000114036126011092/0001140361-26-011092-index.html,https://www.sec.gov/Archives/edgar/data/1902649/000114036126011092
0001162896,0001140361-26-011098,8-K,2026-03-25,Prairie Operating Co.  (PROP)  (CIK 0001162896),https://www.sec.gov/Archives/edgar/data/1162896/000114036126011098/0001140361-26-011098-index.html,https://www.sec.gov/Archives/edgar/data/1162896/000114036126011098
0001639920,0001140361-26-011100,6-K,2026-03-25,Spotify Technology S.A.  (SPOT)  (CIK 0001639920),https://www.sec.gov/Archives/edgar/data/1639920/000114036126011100/0001140361-26-011100-index.html,https://www.sec.gov/Archives/edgar/data/1639920/000114036126011100
0001715497,0001140361-26-011142,6-K,2026-03-25,Borr Drilling Ltd  (BORR)  (CIK 0001715497),https://www.sec.gov/Archives/edgar/data/1715497/000114036126011142/0001140361-26-011142-index.html,https://www.sec.gov/Archives/edgar/data/1715497/000114036126011142
0001713748,0001171843-26-001878,6-K,2026-03-25,Skeena Resources Ltd  (SKE)  (CIK 0001713748),https://www.sec.gov/Archives/edgar/data/1713748/000117184326001878/0001171843-26-001878-index.html,https://www.sec.gov/Archives/edgar/data/1713748/000117184326001878
0001041934,0001171843-26-001889,8-K,2026-03-25,EDAP TMS SA  (EDAP)  (CIK 0001041934),https://www.sec.gov/Archives/edgar/data/1041934/000117184326001889/0001171843-26-001889-index.html,https://www.sec.gov/Archives/edgar/data/1041934/000117184326001889
0001677940,0001171843-26-001890,8-K,2026-03-25,BeyondSpring Inc.  (BYSI)  (CIK 0001677940),https://www.sec.gov/Archives/edgar/data/1677940/000117184326001890/0001171843-26-001890-index.html,https://www.sec.gov/Archives/edgar/data/1677940/000117184326001890
0001937926,0001171843-26-001893,8-K,2026-03-25,Brookfield Asset Management Ltd.  (BAM)  (CIK 0001937926),https://www.sec.gov/Archives/edgar/data/1937926/000117184326001893/0001171843-26-001893-index.html,https://www.sec.gov/Archives/edgar/data/1937926/000117184326001893
0000769218,0001171843-26-001894,6-K,2026-03-25,"AEGON LTD.  (AEG, AEFC, AEGOF)  (CIK 0000769218)",https://www.sec.gov/Archives/edgar/data/769218/000117184326001894/0001171843-26-001894-index.html,https://www.sec.gov/Archives/edgar/data/769218/000117184326001894
0001760854,0001171843-26-001898,6-K,2026-03-25,Nanobiotix S.A.  (NBTX)  (CIK 0001760854),https://www.sec.gov/Archives/edgar/data/1760854/000117184326001898/0001171843-26-001898-index.html,https://www.sec.gov/Archives/edgar/data/1760854/000117184326001898
0000913353,0001171843-26-001904,6-K,2026-03-25,Colliers International Group Inc.  (CIGI)  (CIK 0000913353),https://www.sec.gov/Archives/edgar/data/913353/000117184326001904/0001171843-26-001904-index.html,https://www.sec.gov/Archives/edgar/data/913353/000117184326001904
0001756607,0001171843-26-001914,6-K,2026-03-25,Equinox Gold Corp.  (EQX)  (CIK 0001756607),https://www.sec.gov/Archives/edgar/data/1756607/000117184326001914/0001171843-26-001914-index.html,https://www.sec.gov/Archives/edgar/data/1756607/000117184326001914
0000006955,0001171843-26-001915,8-K,2026-03-25,ENERPAC TOOL GROUP CORP  (EPAC)  (CIK 0000006955),https://www.sec.gov/Archives/edgar/data/6955/000117184326001915/0001171843-26-001915-index.html,https://www.sec.gov/Archives/edgar/data/6955/000117184326001915
0000928876,0001178913-26-001693,6-K,2026-03-25,TOWER SEMICONDUCTOR LTD  (TSEM)  (CIK 0000928876),https://www.sec.gov/Archives/edgar/data/928876/000117891326001693/0001178913-26-001693-index.html,https://www.sec.gov/Archives/edgar/data/928876/000117891326001693
0000928876,0001178913-26-001695,6-K,2026-03-25,TOWER SEMICONDUCTOR LTD  (TSEM)  (CIK 0000928876),https://www.sec.gov/Archives/edgar/data/928876/000117891326001695/0001178913-26-001695-index.html,https://www.sec.gov/Archives/edgar/data/928876/000117891326001695
0000888721,0001178913-26-001700,6-K,2026-03-25,TRINITY BIOTECH PLC  (TRIB)  (CIK 0000888721),https://www.sec.gov/Archives/edgar/data/888721/000117891326001700/0001178913-26-001700-index.html,https://www.sec.gov/Archives/edgar/data/888721/000117891326001700
0002022416,0001178913-26-001722,8-K,2026-03-25,"Silexion Therapeutics Corp  (SLXN, SLXNW)  (CIK 0002022416)",https://www.sec.gov/Archives/edgar/data/2022416/000117891326001722/0001178913-26-001722-index.html,https://www.sec.gov/Archives/edgar/data/2022416/000117891326001722
0001607962,0001178913-26-001724,8-K,2026-03-25,Lifeward Ltd.  (LFWD)  (CIK 0001607962),https://www.sec.gov/Archives/edgar/data/1607962/000117891326001724/0001178913-26-001724-index.html,https://www.sec.gov/Archives/edgar/data/1607962/000117891326001724
0002023554,0001193125-26-122705,8-K,2026-03-25,Sandisk Corp  (SNDK)  (CIK 0002023554),https://www.sec.gov/Archives/edgar/data/2023554/000119312526122705/0001193125-26-122705-index.html,https://www.sec.gov/Archives/edgar/data/2023554/000119312526122705
0001144967,0001193125-26-122708,6-K,2026-03-25,HDFC BANK LTD  (HDB)  (CIK 0001144967),https://www.sec.gov/Archives/edgar/data/1144967/000119312526122708/0001193125-26-122708-index.html,https://www.sec.gov/Archives/edgar/data/1144967/000119312526122708
0001821468,0001193125-26-122709,6-K,2026-03-25,17 Education & Technology Group Inc.  (YQ)  (CIK 0001821468),https://www.sec.gov/Archives/edgar/data/1821468/000119312526122709/0001193125-26-122709-index.html,https://www.sec.gov/Archives/edgar/data/1821468/000119312526122709
0000026780,0001193125-26-122764,8-K,2026-03-25,DANA Inc  (DAN)  (CIK 0000026780),https://www.sec.gov/Archives/edgar/data/26780/000119312526122764/0001193125-26-122764-index.html,https://www.sec.gov/Archives/edgar/data/26780/000119312526122764
0001842295,0001193125-26-122774,8-K,2026-03-25,"Maze Therapeutics, Inc.  (MAZE)  (CIK 0001842295)",https://www.sec.gov/Archives/edgar/data/1842295/000119312526122774/0001193125-26-122774-index.html,https://www.sec.gov/Archives/edgar/data/1842295/000119312526122774
0001348911,0001193125-26-122784,8-K,2026-03-25,"KalVista Pharmaceuticals, Inc.  (KALV)  (CIK 0001348911)",https://www.sec.gov/Archives/edgar/data/1348911/000119312526122784/0001193125-26-122784-index.html,https://www.sec.gov/Archives/edgar/data/1348911/000119312526122784
0001831363,0001193125-26-122785,8-K,2026-03-25,"Terns Pharmaceuticals, Inc.  (TERN)  (CIK 0001831363)",https://www.sec.gov/Archives/edgar/data/1831363/000119312526122785/0001193125-26-122785-index.html,https://www.sec.gov/Archives/edgar/data/1831363/000119312526122785
0000769520,0001193125-26-122831,8-K,2026-03-25,MIDDLEBY Corp  (MIDD)  (CIK 0000769520),https://www.sec.gov/Archives/edgar/data/769520/000119312526122831/0001193125-26-122831-index.html,https://www.sec.gov/Archives/edgar/data/769520/000119312526122831
0000903129,0001193125-26-122833,8-K,2026-03-25,Gentherm Inc  (THRM)  (CIK 0000903129),https://www.sec.gov/Archives/edgar/data/903129/000119312526122833/0001193125-26-122833-index.html,https://www.sec.gov/Archives/edgar/data/903129/000119312526122833
0000723531,0001193125-26-122887,8-K,2026-03-25,PAYCHEX INC  (PAYX)  (CIK 0000723531),https://www.sec.gov/Archives/edgar/data/723531/000119312526122887/0001193125-26-122887-index.html,https://www.sec.gov/Archives/edgar/data/723531/000119312526122887
0000889132,0001193125-26-122933,6-K,2026-03-25,POSCO HOLDINGS INC.  (PKX)  (CIK 0000889132),https://www.sec.gov/Archives/edgar/data/889132/000119312526122933/0001193125-26-122933-index.html,https://www.sec.gov/Archives/edgar/data/889132/000119312526122933
0000715153,0001193125-26-123025,6-K,2026-03-25,"HONDA MOTOR CO LTD  (HMC, HNDAF)  (CIK 0000715153)",https://www.sec.gov/Archives/edgar/data/715153/000119312526123025/0001193125-26-123025-index.html,https://www.sec.gov/Archives/edgar/data/715153/000119312526123025
0000887225,0001193125-26-123338,6-K,2026-03-25,KOREA ELECTRIC POWER CORP  (KEP)  (CIK 0000887225),https://www.sec.gov/Archives/edgar/data/887225/000119312526123338/0001193125-26-123338-index.html,https://www.sec.gov/Archives/edgar/data/887225/000119312526123338
0000771497,0001193125-26-123385,8-K,2026-03-25,ABM INDUSTRIES INC /DE/  (ABM)  (CIK 0000771497),https://www.sec.gov/Archives/edgar/data/771497/000119312526123385/0001193125-26-123385-index.html,https://www.sec.gov/Archives/edgar/data/771497/000119312526123385
0001088856,0001193125-26-123543,8-K,2026-03-25,CORCEPT THERAPEUTICS INC  (CORT)  (CIK 0001088856),https://www.sec.gov/Archives/edgar/data/1088856/000119312526123543/0001193125-26-123543-index.html,https://www.sec.gov/Archives/edgar/data/1088856/000119312526123543
0000097476,0001193125-26-124057,8-K,2026-03-25,TEXAS INSTRUMENTS INC  (TXN)  (CIK 0000097476),https://www.sec.gov/Archives/edgar/data/97476/000119312526124057/0001193125-26-124057-index.html,https://www.sec.gov/Archives/edgar/data/97476/000119312526124057
0001047340,0001193125-26-124060,8-K,2026-03-25,FRESH DEL MONTE PRODUCE INC  (FDP)  (CIK 0001047340),https://www.sec.gov/Archives/edgar/data/1047340/000119312526124060/0001193125-26-124060-index.html,https://www.sec.gov/Archives/edgar/data/1047340/000119312526124060
0001720265,0001193125-26-124064,8-K,2026-03-25,Grayscale Zcash Trust (ZEC)  (ZCSH)  (CIK 0001720265),https://www.sec.gov/Archives/edgar/data/1720265/000119312526124064/0001193125-26-124064-index.html,https://www.sec.gov/Archives/edgar/data/1720265/000119312526124064
0001950976,0001193125-26-124074,8-K,2026-03-25,"26North BDC, Inc.  (CIK 0001950976)",https://www.sec.gov/Archives/edgar/data/1950976/000119312526124074/0001193125-26-124074-index.html,https://www.sec.gov/Archives/edgar/data/1950976/000119312526124074
0001756701,0001193125-26-124095,8-K,2026-03-25,"LINKBANCORP, Inc.  (LNKB)  (CIK 0001756701)",https://www.sec.gov/Archives/edgar/data/1756701/000119312526124095/0001193125-26-124095-index.html,https://www.sec.gov/Archives/edgar/data/1756701/000119312526124095
0001746466,0001193125-26-124107,8-K,2026-03-25,"Equillium, Inc.  (EQ)  (CIK 0001746466)",https://www.sec.gov/Archives/edgar/data/1746466/000119312526124107/0001193125-26-124107-index.html,https://www.sec.gov/Archives/edgar/data/1746466/000119312526124107
0001031235,0001193125-26-124109,8-K,2026-03-25,"Global Self Storage, Inc.  (SELF)  (CIK 0001031235)",https://www.sec.gov/Archives/edgar/data/1031235/000119312526124109/0001193125-26-124109-index.html,https://www.sec.gov/Archives/edgar/data/1031235/000119312526124109
0000016875,0001193125-26-124134,8-K,2026-03-25,CANADIAN PACIFIC KANSAS CITY LTD/CN  (CP)  (CIK 0000016875),https://www.sec.gov/Archives/edgar/data/16875/000119312526124134/0001193125-26-124134-index.html,https://www.sec.gov/Archives/edgar/data/16875/000119312526124134
0000078128,0001193125-26-124163,8-K,2026-03-25,"Essential Utilities, Inc.  (WTRG)  (CIK 0000078128)",https://www.sec.gov/Archives/edgar/data/78128/000119312526124163/0001193125-26-124163-index.html,https://www.sec.gov/Archives/edgar/data/78128/000119312526124163
0001224133,0001193125-26-124166,8-K,2026-03-25,MARCHEX INC  (MCHX)  (CIK 0001224133),https://www.sec.gov/Archives/edgar/data/1224133/000119312526124166/0001193125-26-124166-index.html,https://www.sec.gov/Archives/edgar/data/1224133/000119312526124166
0001646614,0001193125-26-124215,8-K,2026-03-25,Silver Point Specialty Lending Fund  (CIK 0001646614),https://www.sec.gov/Archives/edgar/data/1646614/000119312526124215/0001193125-26-124215-index.html,https://www.sec.gov/Archives/edgar/data/1646614/000119312526124215
0000796534,0001193125-26-124217,8-K,2026-03-25,NATIONAL BANKSHARES INC  (NKSH)  (CIK 0000796534),https://www.sec.gov/Archives/edgar/data/796534/000119312526124217/0001193125-26-124217-index.html,https://www.sec.gov/Archives/edgar/data/796534/000119312526124217
0001959568,0001193125-26-124242,8-K,2026-03-25,"Senior Credit Investments, LLC  (CIK 0001959568)",https://www.sec.gov/Archives/edgar/data/1959568/000119312526124242/0001193125-26-124242-index.html,https://www.sec.gov/Archives/edgar/data/1959568/000119312526124242
0001959604,0001193125-26-124252,8-K,2026-03-25,Jefferies Credit Partners BDC Inc.  (CIK 0001959604),https://www.sec.gov/Archives/edgar/data/1959604/000119312526124252/0001193125-26-124252-index.html,https://www.sec.gov/Archives/edgar/data/1959604/000119312526124252
0001851322,0001193125-26-124253,8-K,2026-03-25,North Haven Private Income Fund LLC  (CIK 0001851322),https://www.sec.gov/Archives/edgar/data/1851322/000119312526124253/0001193125-26-124253-index.html,https://www.sec.gov/Archives/edgar/data/1851322/000119312526124253
0001983514,0001193125-26-124262,8-K,2026-03-25,LGAM Private Credit LLC  (CIK 0001983514),https://www.sec.gov/Archives/edgar/data/1983514/000119312526124262/0001193125-26-124262-index.html,https://www.sec.gov/Archives/edgar/data/1983514/000119312526124262
0001973476,0001193125-26-124271,8-K,2026-03-25,North Haven Private Income Fund A LLC  (CIK 0001973476),https://www.sec.gov/Archives/edgar/data/1973476/000119312526124271/0001193125-26-124271-index.html,https://www.sec.gov/Archives/edgar/data/1973476/000119312526124271
0001971381,0001193125-26-124343,8-K,2026-03-25,Apollo Infrastructure Co LLC  (CIK 0001971381),https://www.sec.gov/Archives/edgar/data/1971381/000119312526124343/0001193125-26-124343-index.html,https://www.sec.gov/Archives/edgar/data/1971381/000119312526124343
0001814215,0001193125-26-124344,8-K,2026-03-25,"Nuburu, Inc.  (BURU, BURUW)  (CIK 0001814215)",https://www.sec.gov/Archives/edgar/data/1814215/000119312526124344/0001193125-26-124344-index.html,https://www.sec.gov/Archives/edgar/data/1814215/000119312526124344
0001588823,0001193125-26-124354,6-K,2026-03-25,TFI International Inc.  (TFII)  (CIK 0001588823),https://www.sec.gov/Archives/edgar/data/1588823/000119312526124354/0001193125-26-124354-index.html,https://www.sec.gov/Archives/edgar/data/1588823/000119312526124354
0001999001,0001193125-26-124392,8-K,2026-03-25,Six Flags Entertainment Corporation/NEW  (FUN)  (CIK 0001999001),https://www.sec.gov/Archives/edgar/data/1999001/000119312526124392/0001193125-26-124392-index.html,https://www.sec.gov/Archives/edgar/data/1999001/000119312526124392
0001488039,0001193125-26-124393,8-K,2026-03-25,"ATOSSA THERAPEUTICS, INC.  (ATOS)  (CIK 0001488039)",https://www.sec.gov/Archives/edgar/data/1488039/000119312526124393/0001193125-26-124393-index.html,https://www.sec.gov/Archives/edgar/data/1488039/000119312526124393
0001824920,0001193125-26-124402,8-K,2026-03-25,"IonQ, Inc.  (IONQ, IONQ-WT)  (CIK 0001824920)",https://www.sec.gov/Archives/edgar/data/1824920/000119312526124402/0001193125-26-124402-index.html,https://www.sec.gov/Archives/edgar/data/1824920/000119312526124402
0002000597,0001193125-26-124411,8-K,2026-03-25,Apollo Asset Backed Credit Co LLC  (CIK 0002000597),https://www.sec.gov/Archives/edgar/data/2000597/000119312526124411/0001193125-26-124411-index.html,https://www.sec.gov/Archives/edgar/data/2000597/000119312526124411
0001210708,0001210708-26-000041,8-K,2026-03-25,"Star Equity Holdings, Inc.  (STRR, STRRP)  (CIK 0001210708)",https://www.sec.gov/Archives/edgar/data/1210708/000121070826000041/0001210708-26-000041-index.html,https://www.sec.gov/Archives/edgar/data/1210708/000121070826000041
0001975641,0001213900-26-033700,6-K,2026-03-25,Zhengye Biotechnology Holding Ltd  (ZYBT)  (CIK 0001975641),https://www.sec.gov/Archives/edgar/data/1975641/000121390026033700/0001213900-26-033700-index.html,https://www.sec.gov/Archives/edgar/data/1975641/000121390026033700
0001972074,0001213900-26-033803,6-K,2026-03-25,Linkers Industries Ltd  (LNKS)  (CIK 0001972074),https://www.sec.gov/Archives/edgar/data/1972074/000121390026033803/0001213900-26-033803-index.html,https://www.sec.gov/Archives/edgar/data/1972074/000121390026033803
0001667313,0001213900-26-033824,8-K,2026-03-25,"Zedge, Inc.  (ZDGE)  (CIK 0001667313)",https://www.sec.gov/Archives/edgar/data/1667313/000121390026033824/0001213900-26-033824-index.html,https://www.sec.gov/Archives/edgar/data/1667313/000121390026033824
0001894525,0001213900-26-033832,8-K,2026-03-25,"Apimeds Pharmaceuticals US, Inc.  (APUS)  (CIK 0001894525)",https://www.sec.gov/Archives/edgar/data/1894525/000121390026033832/0001213900-26-033832-index.html,https://www.sec.gov/Archives/edgar/data/1894525/000121390026033832
0001873875,0001213900-26-033842,8-K,2026-03-25,Incannex Healthcare Inc.  (IXHL)  (CIK 0001873875),https://www.sec.gov/Archives/edgar/data/1873875/000121390026033842/0001213900-26-033842-index.html,https://www.sec.gov/Archives/edgar/data/1873875/000121390026033842
0001614744,0001213900-26-033843,6-K,2026-03-25,PURPLE BIOTECH LTD.  (PPBT)  (CIK 0001614744),https://www.sec.gov/Archives/edgar/data/1614744/000121390026033843/0001213900-26-033843-index.html,https://www.sec.gov/Archives/edgar/data/1614744/000121390026033843
0001221029,0001213900-26-033847,6-K,2026-03-25,CEMENTOS PACASMAYO SAA  (CPAC)  (CIK 0001221029),https://www.sec.gov/Archives/edgar/data/1221029/000121390026033847/0001213900-26-033847-index.html,https://www.sec.gov/Archives/edgar/data/1221029/000121390026033847
0001946399,0001213900-26-033849,6-K,2026-03-25,"LakeShore Biopharma Co., Ltd.  (LSBCF, LSBWF)  (CIK 0001946399)",https://www.sec.gov/Archives/edgar/data/1946399/000121390026033849/0001213900-26-033849-index.html,https://www.sec.gov/Archives/edgar/data/1946399/000121390026033849
0001646188,0001213900-26-033852,8-K,2026-03-25,Ondas Inc.  (ONDS)  (CIK 0001646188),https://www.sec.gov/Archives/edgar/data/1646188/000121390026033852/0001213900-26-033852-index.html,https://www.sec.gov/Archives/edgar/data/1646188/000121390026033852
0001596812,0001213900-26-033853,6-K,2026-03-25,Enlivex Ltd.  (ENLV)  (CIK 0001596812),https://www.sec.gov/Archives/edgar/data/1596812/000121390026033853/0001213900-26-033853-index.html,https://www.sec.gov/Archives/edgar/data/1596812/000121390026033853
0001584371,0001213900-26-033860,6-K,2026-03-25,IceCure Medical Ltd.  (ICCM)  (CIK 0001584371),https://www.sec.gov/Archives/edgar/data/1584371/000121390026033860/0001213900-26-033860-index.html,https://www.sec.gov/Archives/edgar/data/1584371/000121390026033860
0001784970,0001213900-26-033875,8-K,2026-03-25,Next Technology Holding Inc.  (NXTT)  (CIK 0001784970),https://www.sec.gov/Archives/edgar/data/1784970/000121390026033875/0001213900-26-033875-index.html,https://www.sec.gov/Archives/edgar/data/1784970/000121390026033875
0001681682,0001213900-26-033878,8-K,2026-03-25,ENDRA Life Sciences Inc.  (NDRA)  (CIK 0001681682),https://www.sec.gov/Archives/edgar/data/1681682/000121390026033878/0001213900-26-033878-index.html,https://www.sec.gov/Archives/edgar/data/1681682/000121390026033878
0001879403,0001213900-26-033883,8-K,2026-03-25,La Rosa Holdings Corp.  (LRHC)  (CIK 0001879403),https://www.sec.gov/Archives/edgar/data/1879403/000121390026033883/0001213900-26-033883-index.html,https://www.sec.gov/Archives/edgar/data/1879403/000121390026033883
0001939780,0001213900-26-033929,6-K/A,2026-03-25,U Power Ltd  (UCAR)  (CIK 0001939780),https://www.sec.gov/Archives/edgar/data/1939780/000121390026033929/0001213900-26-033929-index.html,https://www.sec.gov/Archives/edgar/data/1939780/000121390026033929
0001985375,0001213900-26-033946,8-K,2026-03-25,"Muzinich Corporate Lending Income Fund, Inc.  (CIK 0001985375)",https://www.sec.gov/Archives/edgar/data/1985375/000121390026033946/0001213900-26-033946-index.html,https://www.sec.gov/Archives/edgar/data/1985375/000121390026033946
0001779523,0001213900-26-033950,8-K,2026-03-25,"Muzinich BDC, Inc.  (CIK 0001779523)",https://www.sec.gov/Archives/edgar/data/1779523/000121390026033950/0001213900-26-033950-index.html,https://www.sec.gov/Archives/edgar/data/1779523/000121390026033950
0001985273,0001213900-26-034044,6-K,2026-03-25,"TOYO Co., Ltd  (TOYO, TOYWF)  (CIK 0001985273)",https://www.sec.gov/Archives/edgar/data/1985273/000121390026034044/0001213900-26-034044-index.html,https://www.sec.gov/Archives/edgar/data/1985273/000121390026034044
0001721484,0001213900-26-034045,8-K,2026-03-25,Longeveron Inc.  (LGVN)  (CIK 0001721484),https://www.sec.gov/Archives/edgar/data/1721484/000121390026034045/0001213900-26-034045-index.html,https://www.sec.gov/Archives/edgar/data/1721484/000121390026034045
0001833498,0001213900-26-034047,8-K,2026-03-25,"Spectral AI, Inc.  (MDAI, MDAIW)  (CIK 0001833498)",https://www.sec.gov/Archives/edgar/data/1833498/000121390026034047/0001213900-26-034047-index.html,https://www.sec.gov/Archives/edgar/data/1833498/000121390026034047
0001782107,0001213900-26-034054,8-K/A,2026-03-25,"Onconetix, Inc.  (ONCO)  (CIK 0001782107)",https://www.sec.gov/Archives/edgar/data/1782107/000121390026034054/0001213900-26-034054-index.html,https://www.sec.gov/Archives/edgar/data/1782107/000121390026034054
0001980210,0001213900-26-034071,6-K,2026-03-25,WF Holding Ltd  (WFF)  (CIK 0001980210),https://www.sec.gov/Archives/edgar/data/1980210/000121390026034071/0001213900-26-034071-index.html,https://www.sec.gov/Archives/edgar/data/1980210/000121390026034071
0001562733,0001213900-26-034072,8-K,2026-03-25,Synergy CHC Corp.  (SNYR)  (CIK 0001562733),https://www.sec.gov/Archives/edgar/data/1562733/000121390026034072/0001213900-26-034072-index.html,https://www.sec.gov/Archives/edgar/data/1562733/000121390026034072
0001882198,0001213900-26-034074,8-K,2026-03-25,"Athena Technology Acquisition Corp. II  (ATEK, ATEKU, ATEKW)  (CIK 0001882198)",https://www.sec.gov/Archives/edgar/data/1882198/000121390026034074/0001213900-26-034074-index.html,https://www.sec.gov/Archives/edgar/data/1882198/000121390026034074
0001901215,0001213900-26-034083,6-K,2026-03-25,Brenmiller Energy Ltd.  (BNRG)  (CIK 0001901215),https://www.sec.gov/Archives/edgar/data/1901215/000121390026034083/0001213900-26-034083-index.html,https://www.sec.gov/Archives/edgar/data/1901215/000121390026034083
0001627282,0001213900-26-034090,8-K,2026-03-25,CaliberCos Inc.  (CWD)  (CIK 0001627282),https://www.sec.gov/Archives/edgar/data/1627282/000121390026034090/0001213900-26-034090-index.html,https://www.sec.gov/Archives/edgar/data/1627282/000121390026034090
0001963439,0001213900-26-034092,6-K,2026-03-25,"Turbo Energy, S.A.  (TURB)  (CIK 0001963439)",https://www.sec.gov/Archives/edgar/data/1963439/000121390026034092/0001213900-26-034092-index.html,https://www.sec.gov/Archives/edgar/data/1963439/000121390026034092
0001546383,0001213900-26-034096,6-K,2026-03-25,JX Luxventure Group Inc.  (JXG)  (CIK 0001546383),https://www.sec.gov/Archives/edgar/data/1546383/000121390026034096/0001213900-26-034096-index.html,https://www.sec.gov/Archives/edgar/data/1546383/000121390026034096
0002091024,0001213900-26-034101,8-K,2026-03-25,"Colombier Acquisition Corp. III  (CLBR, CLBR-UN)  (CIK 0002091024)",https://www.sec.gov/Archives/edgar/data/2091024/000121390026034101/0001213900-26-034101-index.html,https://www.sec.gov/Archives/edgar/data/2091024/000121390026034101
0001874252,0001213900-26-034103,8-K,2026-03-25,"MAINZ BIOMED N.V.  (MYNZ, QUCY)  (CIK 0001874252)",https://www.sec.gov/Archives/edgar/data/1874252/000121390026034103/0001213900-26-034103-index.html,https://www.sec.gov/Archives/edgar/data/1874252/000121390026034103
0001872525,0001213900-26-034107,8-K,2026-03-25,"Stran & Company, Inc.  (SWAG, SWAGW)  (CIK 0001872525)",https://www.sec.gov/Archives/edgar/data/1872525/000121390026034107/0001213900-26-034107-index.html,https://www.sec.gov/Archives/edgar/data/1872525/000121390026034107
0002033770,0001213900-26-034130,8-K,2026-03-25,"CID Holdco, Inc.  (DAIC, DAICW)  (CIK 0002033770)",https://www.sec.gov/Archives/edgar/data/2033770/000121390026034130/0001213900-26-034130-index.html,https://www.sec.gov/Archives/edgar/data/2033770/000121390026034130
0002019505,0001213900-26-034165,8-K,2026-03-25,"Health In Tech, Inc.  (HIT)  (CIK 0002019505)",https://www.sec.gov/Archives/edgar/data/2019505/000121390026034165/0001213900-26-034165-index.html,https://www.sec.gov/Archives/edgar/data/2019505/000121390026034165
0001874097,0001213900-26-034199,8-K,2026-03-25,Cyngn Inc.  (CYN)  (CIK 0001874097),https://www.sec.gov/Archives/edgar/data/1874097/000121390026034199/0001213900-26-034199-index.html,https://www.sec.gov/Archives/edgar/data/1874097/000121390026034199
0001960847,0001213900-26-034202,8-K,2026-03-25,Toppoint Holdings Inc.  (TOPP)  (CIK 0001960847),https://www.sec.gov/Archives/edgar/data/1960847/000121390026034202/0001213900-26-034202-index.html,https://www.sec.gov/Archives/edgar/data/1960847/000121390026034202
0001275158,0001275158-26-000019,8-K,2026-03-25,NOODLES & Co  (NDLS)  (CIK 0001275158),https://www.sec.gov/Archives/edgar/data/1275158/000127515826000019/0001275158-26-000019-index.html,https://www.sec.gov/Archives/edgar/data/1275158/000127515826000019
0001277902,0001277902-26-000033,8-K,2026-03-25,MVB FINANCIAL CORP  (MVBF)  (CIK 0001277902),https://www.sec.gov/Archives/edgar/data/1277902/000127790226000033/0001277902-26-000033-index.html,https://www.sec.gov/Archives/edgar/data/1277902/000127790226000033
0001097362,0001279569-26-000233,6-K,2026-03-25,"SUN LIFE FINANCIAL INC  (SLF, SLFIF, SLFQF, SUNFF)  (CIK 0001097362)",https://www.sec.gov/Archives/edgar/data/1097362/000127956926000233/0001279569-26-000233-index.html,https://www.sec.gov/Archives/edgar/data/1097362/000127956926000233
0001289308,0001289308-26-000009,8-K,2026-03-25,EnerSys  (ENS)  (CIK 0001289308),https://www.sec.gov/Archives/edgar/data/1289308/000128930826000009/0001289308-26-000009-index.html,https://www.sec.gov/Archives/edgar/data/1289308/000128930826000009
0000917851,0001292814-26-001729,6-K,2026-03-25,Vale S.A.  (VALE)  (CIK 0000917851),https://www.sec.gov/Archives/edgar/data/917851/000129281426001729/0001292814-26-001729-index.html,https://www.sec.gov/Archives/edgar/data/917851/000129281426001729
0001444406,0001292814-26-001732,6-K,2026-03-25,ECOPETROL S.A.  (EC)  (CIK 0001444406),https://www.sec.gov/Archives/edgar/data/1444406/000129281426001732/0001292814-26-001732-index.html,https://www.sec.gov/Archives/edgar/data/1444406/000129281426001732
0001066119,0001292814-26-001757,6-K,2026-03-25,TELEFONICA BRASIL S.A.  (VIV)  (CIK 0001066119),https://www.sec.gov/Archives/edgar/data/1066119/000129281426001757/0001292814-26-001757-index.html,https://www.sec.gov/Archives/edgar/data/1066119/000129281426001757
0001395213,0001292814-26-001759,6-K,2026-03-25,EDENOR  (EDN)  (CIK 0001395213),https://www.sec.gov/Archives/edgar/data/1395213/000129281426001759/0001292814-26-001759-index.html,https://www.sec.gov/Archives/edgar/data/1395213/000129281426001759
0001372514,0001372514-26-000025,8-K,2026-03-25,"KIORA PHARMACEUTICALS INC  (KPRX, KPHMW)  (CIK 0001372514)",https://www.sec.gov/Archives/edgar/data/1372514/000137251426000025/0001372514-26-000025-index.html,https://www.sec.gov/Archives/edgar/data/1372514/000137251426000025
0001395064,0001395064-26-000100,6-K,2026-03-25,"TAKEDA PHARMACEUTICAL CO LTD  (TAK, TKPHF)  (CIK 0001395064)",https://www.sec.gov/Archives/edgar/data/1395064/000139506426000100/0001395064-26-000100-index.html,https://www.sec.gov/Archives/edgar/data/1395064/000139506426000100
0000826020,0001398344-26-005637,8-K,2026-03-25,Saba Capital Income & Opportunities Fund  (BRW)  (CIK 0000826020),https://www.sec.gov/Archives/edgar/data/826020/000139834426005637/0001398344-26-005637-index.html,https://www.sec.gov/Archives/edgar/data/826020/000139834426005637
0000828803,0001398344-26-005639,8-K,2026-03-25,Saba Capital Income & Opportunities Fund II  (SABA)  (CIK 0000828803),https://www.sec.gov/Archives/edgar/data/828803/000139834426005639/0001398344-26-005639-index.html,https://www.sec.gov/Archives/edgar/data/828803/000139834426005639
0001428205,0001428205-26-000045,8-K,2026-03-25,"Armour Residential REIT, Inc.  (ARR, ARR-PC)  (CIK 0001428205)",https://www.sec.gov/Archives/edgar/data/1428205/000142820526000045/0001428205-26-000045-index.html,https://www.sec.gov/Archives/edgar/data/1428205/000142820526000045
0001474735,0001437749-26-009685,8-K,2026-03-25,GENERAC HOLDINGS INC.  (GNRC)  (CIK 0001474735),https://www.sec.gov/Archives/edgar/data/1474735/000143774926009685/0001437749-26-009685-index.html,https://www.sec.gov/Archives/edgar/data/1474735/000143774926009685
0001693577,0001437749-26-009702,8-K,2026-03-25,"MainStreet Bancshares, Inc.  (MNSB, MNSBP)  (CIK 0001693577)",https://www.sec.gov/Archives/edgar/data/1693577/000143774926009702/0001437749-26-009702-index.html,https://www.sec.gov/Archives/edgar/data/1693577/000143774926009702
0001120970,0001437749-26-009779,8-K,2026-03-25,Comstock Inc.  (LODE)  (CIK 0001120970),https://www.sec.gov/Archives/edgar/data/1120970/000143774926009779/0001437749-26-009779-index.html,https://www.sec.gov/Archives/edgar/data/1120970/000143774926009779
0001831868,0001437749-26-009780,8-K,2026-03-25,"SeaStar Medical Holding Corp  (ICU, ICUCW)  (CIK 0001831868)",https://www.sec.gov/Archives/edgar/data/1831868/000143774926009780/0001437749-26-009780-index.html,https://www.sec.gov/Archives/edgar/data/1831868/000143774926009780
0001120970,0001437749-26-009786,8-K,2026-03-25,Comstock Inc.  (LODE)  (CIK 0001120970),https://www.sec.gov/Archives/edgar/data/1120970/000143774926009786/0001437749-26-009786-index.html,https://www.sec.gov/Archives/edgar/data/1120970/000143774926009786
0001315399,0001437749-26-009787,8-K,2026-03-25,"PARKE BANCORP, INC.  (PKBK)  (CIK 0001315399)",https://www.sec.gov/Archives/edgar/data/1315399/000143774926009787/0001437749-26-009787-index.html,https://www.sec.gov/Archives/edgar/data/1315399/000143774926009787
0001787740,0001437749-26-009789,8-K,2026-03-25,"Tivic Health Systems, Inc.  (TIVC)  (CIK 0001787740)",https://www.sec.gov/Archives/edgar/data/1787740/000143774926009789/0001437749-26-009789-index.html,https://www.sec.gov/Archives/edgar/data/1787740/000143774926009789
0001813452,0001437749-26-009790,8-K,2026-03-25,Planet 13 Holdings Inc.  (PLNH)  (CIK 0001813452),https://www.sec.gov/Archives/edgar/data/1813452/000143774926009790/0001437749-26-009790-index.html,https://www.sec.gov/Archives/edgar/data/1813452/000143774926009790
0001512499,0001437749-26-009801,8-K,2026-03-25,"LINDBLAD EXPEDITIONS HOLDINGS, INC.  (LIND)  (CIK 0001512499)",https://www.sec.gov/Archives/edgar/data/1512499/000143774926009801/0001437749-26-009801-index.html,https://www.sec.gov/Archives/edgar/data/1512499/000143774926009801
0000880242,0001437749-26-009813,8-K,2026-03-25,"BIOLARGO, INC.  (BLGO)  (CIK 0000880242)",https://www.sec.gov/Archives/edgar/data/880242/000143774926009813/0001437749-26-009813-index.html,https://www.sec.gov/Archives/edgar/data/880242/000143774926009813
0000719413,0001437749-26-009820,8-K,2026-03-25,"HECLA MINING CO/DE/  (HL, HL-PB)  (CIK 0000719413)",https://www.sec.gov/Archives/edgar/data/719413/000143774926009820/0001437749-26-009820-index.html,https://www.sec.gov/Archives/edgar/data/719413/000143774926009820
0001588084,0001477932-26-001577,6-K,2026-03-25,TANTECH HOLDINGS LTD  (TANH)  (CIK 0001588084),https://www.sec.gov/Archives/edgar/data/1588084/000147793226001577/0001477932-26-001577-index.html,https://www.sec.gov/Archives/edgar/data/1588084/000147793226001577
0001425627,0001477932-26-001579,8-K,2026-03-25,"SOBR Safe, Inc.  (SOBR)  (CIK 0001425627)",https://www.sec.gov/Archives/edgar/data/1425627/000147793226001579/0001477932-26-001579-index.html,https://www.sec.gov/Archives/edgar/data/1425627/000147793226001579
0001483934,0001483934-26-000025,6-K,2026-03-25,Scorpio Tankers Inc.  (STNG)  (CIK 0001483934),https://www.sec.gov/Archives/edgar/data/1483934/000148393426000025/0001483934-26-000025-index.html,https://www.sec.gov/Archives/edgar/data/1483934/000148393426000025
0001855467,0001493152-26-012501,8-K,2026-03-25,"MOBIX LABS, INC  (MOBX, MOBXW)  (CIK 0001855467)",https://www.sec.gov/Archives/edgar/data/1855467/000149315226012501/0001493152-26-012501-index.html,https://www.sec.gov/Archives/edgar/data/1855467/000149315226012501
0001838163,0001493152-26-012506,8-K,2026-03-25,"Brand Engagement Network Inc.  (BNAI, BNAIW)  (CIK 0001838163)",https://www.sec.gov/Archives/edgar/data/1838163/000149315226012506/0001493152-26-012506-index.html,https://www.sec.gov/Archives/edgar/data/1838163/000149315226012506
0001880343,0001493152-26-012517,8-K,2026-03-25,"AMAZE HOLDINGS, INC.  (AMZE)  (CIK 0001880343)",https://www.sec.gov/Archives/edgar/data/1880343/000149315226012517/0001493152-26-012517-index.html,https://www.sec.gov/Archives/edgar/data/1880343/000149315226012517
0001880343,0001493152-26-012520,8-K,2026-03-25,"AMAZE HOLDINGS, INC.  (AMZE)  (CIK 0001880343)",https://www.sec.gov/Archives/edgar/data/1880343/000149315226012520/0001493152-26-012520-index.html,https://www.sec.gov/Archives/edgar/data/1880343/000149315226012520
0001742770,0001493152-26-012526,6-K,2026-03-25,"Viomi Technology Co., Ltd  (VIOT)  (CIK 0001742770)",https://www.sec.gov/Archives/edgar/data/1742770/000149315226012526/0001493152-26-012526-index.html,https://www.sec.gov/Archives/edgar/data/1742770/000149315226012526
0001896212,0001493152-26-012538,8-K,2026-03-25,"CDT Equity Inc.  (CDT, CDTTW)  (CIK 0001896212)",https://www.sec.gov/Archives/edgar/data/1896212/000149315226012538/0001493152-26-012538-index.html,https://www.sec.gov/Archives/edgar/data/1896212/000149315226012538
0001829311,0001493152-26-012549,8-K,2026-03-25,"BITMINE IMMERSION TECHNOLOGIES, INC.  (BMNR)  (CIK 0001829311)",https://www.sec.gov/Archives/edgar/data/1829311/000149315226012549/0001493152-26-012549-index.html,https://www.sec.gov/Archives/edgar/data/1829311/000149315226012549
0001983324,0001493152-26-012553,6-K,2026-03-25,"Real Messenger Corp  (RMSG, RMSGW)  (CIK 0001983324)",https://www.sec.gov/Archives/edgar/data/1983324/000149315226012553/0001493152-26-012553-index.html,https://www.sec.gov/Archives/edgar/data/1983324/000149315226012553
0001584693,0001493152-26-012555,8-K,2026-03-25,SafeSpace Global Corp  (SSGC)  (CIK 0001584693),https://www.sec.gov/Archives/edgar/data/1584693/000149315226012555/0001493152-26-012555-index.html,https://www.sec.gov/Archives/edgar/data/1584693/000149315226012555
0001819794,0001493152-26-012561,6-K,2026-03-25,Fusion Fuel Green PLC  (HTOO)  (CIK 0001819794),https://www.sec.gov/Archives/edgar/data/1819794/000149315226012561/0001493152-26-012561-index.html,https://www.sec.gov/Archives/edgar/data/1819794/000149315226012561
0001388295,0001493152-26-012566,8-K,2026-03-25,OneMeta Inc.  (ONEI)  (CIK 0001388295),https://www.sec.gov/Archives/edgar/data/1388295/000149315226012566/0001493152-26-012566-index.html,https://www.sec.gov/Archives/edgar/data/1388295/000149315226012566
0001285170,0001493152-26-012628,6-K,2026-03-25,INTERMAP TECHNOLOGIES CORP  (ITMSF)  (CIK 0001285170),https://www.sec.gov/Archives/edgar/data/1285170/000149315226012628/0001493152-26-012628-index.html,https://www.sec.gov/Archives/edgar/data/1285170/000149315226012628
0001317945,0001493152-26-012660,8-K,2026-03-25,"Omega Flex, Inc.  (OFLX)  (CIK 0001317945)",https://www.sec.gov/Archives/edgar/data/1317945/000149315226012660/0001493152-26-012660-index.html,https://www.sec.gov/Archives/edgar/data/1317945/000149315226012660
0001853070,0001493152-26-012662,8-K,2026-03-25,"Volato Group, Inc.  (SOAR, SOARW)  (CIK 0001853070)",https://www.sec.gov/Archives/edgar/data/1853070/000149315226012662/0001493152-26-012662-index.html,https://www.sec.gov/Archives/edgar/data/1853070/000149315226012662
0002029039,0001493152-26-012663,6-K,2026-03-25,Nasus Pharma Ltd  (NSRX)  (CIK 0002029039),https://www.sec.gov/Archives/edgar/data/2029039/000149315226012663/0001493152-26-012663-index.html,https://www.sec.gov/Archives/edgar/data/2029039/000149315226012663
0001743745,0001493152-26-012664,8-K,2026-03-25,"Greenlane Holdings, Inc.  (GNLN)  (CIK 0001743745)",https://www.sec.gov/Archives/edgar/data/1743745/000149315226012664/0001493152-26-012664-index.html,https://www.sec.gov/Archives/edgar/data/1743745/000149315226012664
0001847874,0001493152-26-012665,8-K,2026-03-25,Mobile Infrastructure Corp  (BEEP)  (CIK 0001847874),https://www.sec.gov/Archives/edgar/data/1847874/000149315226012665/0001493152-26-012665-index.html,https://www.sec.gov/Archives/edgar/data/1847874/000149315226012665
0001603454,0001493152-26-012668,8-K,2026-03-25,Celcuity Inc.  (CELC)  (CIK 0001603454),https://www.sec.gov/Archives/edgar/data/1603454/000149315226012668/0001493152-26-012668-index.html,https://www.sec.gov/Archives/edgar/data/1603454/000149315226012668
0001213809,0001493152-26-012673,8-K,2026-03-25,DYADIC INTERNATIONAL INC  (DYAI)  (CIK 0001213809),https://www.sec.gov/Archives/edgar/data/1213809/000149315226012673/0001493152-26-012673-index.html,https://www.sec.gov/Archives/edgar/data/1213809/000149315226012673
0001816723,0001493152-26-012674,6-K,2026-03-25,"Graphex Group Ltd  (GRFXF, GRFXY)  (CIK 0001816723)",https://www.sec.gov/Archives/edgar/data/1816723/000149315226012674/0001493152-26-012674-index.html,https://www.sec.gov/Archives/edgar/data/1816723/000149315226012674
0001650101,0001493152-26-012675,8-K,2026-03-25,ADDENTAX GROUP CORP.  (ATXG)  (CIK 0001650101),https://www.sec.gov/Archives/edgar/data/1650101/000149315226012675/0001493152-26-012675-index.html,https://www.sec.gov/Archives/edgar/data/1650101/000149315226012675
0001712762,0001493152-26-012683,8-K,2026-03-25,"bioAffinity Technologies, Inc.  (BIAF, BIAFW)  (CIK 0001712762)",https://www.sec.gov/Archives/edgar/data/1712762/000149315226012683/0001493152-26-012683-index.html,https://www.sec.gov/Archives/edgar/data/1712762/000149315226012683
0002082847,0001493152-26-012684,8-K,2026-03-25,Blue Water Acquisition Corp. IV  (BWIV)  (CIK 0002082847),https://www.sec.gov/Archives/edgar/data/2082847/000149315226012684/0001493152-26-012684-index.html,https://www.sec.gov/Archives/edgar/data/2082847/000149315226012684
0001527613,0001493152-26-012693,8-K,2026-03-25,CIMG Inc.  (CIMG)  (CIK 0001527613),https://www.sec.gov/Archives/edgar/data/1527613/000149315226012693/0001493152-26-012693-index.html,https://www.sec.gov/Archives/edgar/data/1527613/000149315226012693
0001860871,0001493152-26-012701,8-K,2026-03-25,"Tevogen Bio Holdings Inc.  (TVGN, TVGNW)  (CIK 0001860871)",https://www.sec.gov/Archives/edgar/data/1860871/000149315226012701/0001493152-26-012701-index.html,https://www.sec.gov/Archives/edgar/data/1860871/000149315226012701
0001113423,0001493152-26-012702,6-K,2026-03-25,COSCIENS Biopharma Inc.  (CSCIF)  (CIK 0001113423),https://www.sec.gov/Archives/edgar/data/1113423/000149315226012702/0001493152-26-012702-index.html,https://www.sec.gov/Archives/edgar/data/1113423/000149315226012702
0001873835,0001493152-26-012721,8-K,2026-03-25,"Immix Biopharma, Inc.  (IMMX)  (CIK 0001873835)",https://www.sec.gov/Archives/edgar/data/1873835/000149315226012721/0001493152-26-012721-index.html,https://www.sec.gov/Archives/edgar/data/1873835/000149315226012721
0001681769,0001520138-26-000085,8-K,2026-03-25,BRILLIANT N.E.V. CORP.  (CIK 0001681769),https://www.sec.gov/Archives/edgar/data/1681769/000152013826000085/0001520138-26-000085-index.html,https://www.sec.gov/Archives/edgar/data/1681769/000152013826000085
0002063015,0001539497-26-001006,8-K/A,2026-03-25,BMO 2026-5C14 Mortgage Trust  (CIK 0002063015),https://www.sec.gov/Archives/edgar/data/2063015/000153949726001006/0001539497-26-001006-index.html,https://www.sec.gov/Archives/edgar/data/2063015/000153949726001006
0002063015,0001539497-26-001007,8-K,2026-03-25,BMO 2026-5C14 Mortgage Trust  (CIK 0002063015),https://www.sec.gov/Archives/edgar/data/2063015/000153949726001007/0001539497-26-001007-index.html,https://www.sec.gov/Archives/edgar/data/2063015/000153949726001007
0000018255,0001562762-26-000039,8-K/A,2026-03-25,CATO CORP  (CATO)  (CIK 0000018255),https://www.sec.gov/Archives/edgar/data/18255/000156276226000039/0001562762-26-000039-index.html,https://www.sec.gov/Archives/edgar/data/18255/000156276226000039
0001564708,0001564708-26-000064,8-K,2026-03-25,"NEWS CORP  (NWS, NWSA, NWSLL)  (CIK 0001564708)",https://www.sec.gov/Archives/edgar/data/1564708/000156470826000064/0001564708-26-000064-index.html,https://www.sec.gov/Archives/edgar/data/1564708/000156470826000064
0001577526,0001577526-26-000034,8-K,2026-03-25,"C3.ai, Inc.  (AI)  (CIK 0001577526)",https://www.sec.gov/Archives/edgar/data/1577526/000157752626000034/0001577526-26-000034-index.html,https://www.sec.gov/Archives/edgar/data/1577526/000157752626000034
0001583708,0001583708-26-000025,8-K,2026-03-25,"SentinelOne, Inc.  (S)  (CIK 0001583708)",https://www.sec.gov/Archives/edgar/data/1583708/000158370826000025/0001583708-26-000025-index.html,https://www.sec.gov/Archives/edgar/data/1583708/000158370826000025
0001590584,0001590584-26-000025,8-K,2026-03-25,Civeo Corp  (CVEO)  (CIK 0001590584),https://www.sec.gov/Archives/edgar/data/1590584/000159058426000025/0001590584-26-000025-index.html,https://www.sec.gov/Archives/edgar/data/1590584/000159058426000025
0001601830,0001601830-26-000054,8-K,2026-03-25,"RECURSION PHARMACEUTICALS, INC.  (RXRX)  (CIK 0001601830)",https://www.sec.gov/Archives/edgar/data/1601830/000160183026000054/0001601830-26-000054-index.html,https://www.sec.gov/Archives/edgar/data/1601830/000160183026000054
0001627282,0001627282-26-000011,8-K,2026-03-25,CaliberCos Inc.  (CWD)  (CIK 0001627282),https://www.sec.gov/Archives/edgar/data/1627282/000162728226000011/0001627282-26-000011-index.html,https://www.sec.gov/Archives/edgar/data/1627282/000162728226000011
0001411342,0001628280-26-020882,8-K,2026-03-25,"Ellington Financial Inc.  (EFC, EFC-PB, EFC-PC, EFC-PD)  (CIK 0001411342)",https://www.sec.gov/Archives/edgar/data/1411342/000162828026020882/0001628280-26-020882-index.html,https://www.sec.gov/Archives/edgar/data/1411342/000162828026020882
0001840780,0001628280-26-020903,8-K,2026-03-25,"Local Bounti Corporation/DE  (LOCL, LOCLW)  (CIK 0001840780)",https://www.sec.gov/Archives/edgar/data/1840780/000162828026020903/0001628280-26-020903-index.html,https://www.sec.gov/Archives/edgar/data/1840780/000162828026020903
0001772253,0001628280-26-020904,6-K,2026-03-25,Flex LNG Ltd.  (FLNG)  (CIK 0001772253),https://www.sec.gov/Archives/edgar/data/1772253/000162828026020904/0001628280-26-020904-index.html,https://www.sec.gov/Archives/edgar/data/1772253/000162828026020904
0000107687,0001628280-26-020907,8-K,2026-03-25,WINNEBAGO INDUSTRIES INC  (WGO)  (CIK 0000107687),https://www.sec.gov/Archives/edgar/data/107687/000162828026020907/0001628280-26-020907-index.html,https://www.sec.gov/Archives/edgar/data/107687/000162828026020907
0001844505,0001628280-26-020911,8-K,2026-03-25,"QT IMAGING HOLDINGS, INC.  (QTI, QTIWW)  (CIK 0001844505)",https://www.sec.gov/Archives/edgar/data/1844505/000162828026020911/0001628280-26-020911-index.html,https://www.sec.gov/Archives/edgar/data/1844505/000162828026020911
0001844505,0001628280-26-020919,8-K,2026-03-25,"QT IMAGING HOLDINGS, INC.  (QTI, QTIWW)  (CIK 0001844505)",https://www.sec.gov/Archives/edgar/data/1844505/000162828026020919/0001628280-26-020919-index.html,https://www.sec.gov/Archives/edgar/data/1844505/000162828026020919
0001639438,0001628280-26-020983,8-K,2026-03-25,"CAVA GROUP, INC.  (CAVA)  (CIK 0001639438)",https://www.sec.gov/Archives/edgar/data/1639438/000162828026020983/0001628280-26-020983-index.html,https://www.sec.gov/Archives/edgar/data/1639438/000162828026020983
0001639723,0001628280-26-021033,8-K,2026-03-25,"Navan, Inc.  (NAVN)  (CIK 0001639723)",https://www.sec.gov/Archives/edgar/data/1639723/000162828026021033/0001628280-26-021033-index.html,https://www.sec.gov/Archives/edgar/data/1639723/000162828026021033
0001835856,0001628280-26-021046,8-K,2026-03-25,"Better Home & Finance Holding Co  (BETR, BETRW)  (CIK 0001835856)",https://www.sec.gov/Archives/edgar/data/1835856/000162828026021046/0001628280-26-021046-index.html,https://www.sec.gov/Archives/edgar/data/1835856/000162828026021046
0001772720,0001628280-26-021082,8-K,2026-03-25,SPRUCE POWER HOLDING CORP  (SPRU)  (CIK 0001772720),https://www.sec.gov/Archives/edgar/data/1772720/000162828026021082/0001628280-26-021082-index.html,https://www.sec.gov/Archives/edgar/data/1772720/000162828026021082
0001633917,0001633917-26-000059,8-K,2026-03-25,"PayPal Holdings, Inc.  (PYPL)  (CIK 0001633917)",https://www.sec.gov/Archives/edgar/data/1633917/000163391726000059/0001633917-26-000059-index.html,https://www.sec.gov/Archives/edgar/data/1633917/000163391726000059
0001645873,0001645873-26-000042,8-K,2026-03-25,"MODIV INDUSTRIAL, INC.  (MDV, MDV-PA)  (CIK 0001645873)",https://www.sec.gov/Archives/edgar/data/1645873/000164587326000042/0001645873-26-000042-index.html,https://www.sec.gov/Archives/edgar/data/1645873/000164587326000042
0001116578,0001654954-26-002704,6-K,2026-03-25,"PRUDENTIAL PLC  (PUK, PUKPF)  (CIK 0001116578)",https://www.sec.gov/Archives/edgar/data/1116578/000165495426002704/0001654954-26-002704-index.html,https://www.sec.gov/Archives/edgar/data/1116578/000165495426002704
0001131399,0001654954-26-002709,6-K,2026-03-25,"GSK plc  (GSK, GLAXF)  (CIK 0001131399)",https://www.sec.gov/Archives/edgar/data/1131399/000165495426002709/0001654954-26-002709-index.html,https://www.sec.gov/Archives/edgar/data/1131399/000165495426002709
0001089113,0001654954-26-002712,6-K,2026-03-25,"HSBC HOLDINGS PLC  (HSBC, HBCYF)  (CIK 0001089113)",https://www.sec.gov/Archives/edgar/data/1089113/000165495426002712/0001654954-26-002712-index.html,https://www.sec.gov/Archives/edgar/data/1089113/000165495426002712
0001160106,0001654954-26-002716,6-K,2026-03-25,"Lloyds Banking Group plc  (LYG, LLDTF, LLOBF)  (CIK 0001160106)",https://www.sec.gov/Archives/edgar/data/1160106/000165495426002716/0001654954-26-002716-index.html,https://www.sec.gov/Archives/edgar/data/1160106/000165495426002716
0000930157,0001654954-26-002719,6-K,2026-03-25,"RENTOKIL INITIAL PLC /FI  (RTO, RKLIF)  (CIK 0000930157)",https://www.sec.gov/Archives/edgar/data/930157/000165495426002719/0001654954-26-002719-index.html,https://www.sec.gov/Archives/edgar/data/930157/000165495426002719
0001131399,0001654954-26-002728,6-K,2026-03-25,"GSK plc  (GSK, GLAXF)  (CIK 0001131399)",https://www.sec.gov/Archives/edgar/data/1131399/000165495426002728/0001654954-26-002728-index.html,https://www.sec.gov/Archives/edgar/data/1131399/000165495426002728
0000839923,0001654954-26-002736,6-K,2026-03-25,"VODAFONE GROUP PUBLIC LTD CO  (VOD, VODPF)  (CIK 0000839923)",https://www.sec.gov/Archives/edgar/data/839923/000165495426002736/0001654954-26-002736-index.html,https://www.sec.gov/Archives/edgar/data/839923/000165495426002736
0001038683,0001654954-26-002740,6-K,2026-03-25,"RYANAIR HOLDINGS PLC  (RYAAY, RYAOF)  (CIK 0001038683)",https://www.sec.gov/Archives/edgar/data/1038683/000165495426002740/0001654954-26-002740-index.html,https://www.sec.gov/Archives/edgar/data/1038683/000165495426002740
0001131399,0001654954-26-002744,6-K,2026-03-25,"GSK plc  (GSK, GLAXF)  (CIK 0001131399)",https://www.sec.gov/Archives/edgar/data/1131399/000165495426002744/0001654954-26-002744-index.html,https://www.sec.gov/Archives/edgar/data/1131399/000165495426002744
0001160106,0001654954-26-002748,6-K,2026-03-25,"Lloyds Banking Group plc  (LYG, LLDTF, LLOBF)  (CIK 0001160106)",https://www.sec.gov/Archives/edgar/data/1160106/000165495426002748/0001654954-26-002748-index.html,https://www.sec.gov/Archives/edgar/data/1160106/000165495426002748
0001655210,0001655210-26-000014,8-K,2026-03-25,"BEYOND MEAT, INC.  (BYND)  (CIK 0001655210)",https://www.sec.gov/Archives/edgar/data/1655210/000165521026000014/0001655210-26-000014-index.html,https://www.sec.gov/Archives/edgar/data/1655210/000165521026000014
0001671933,0001671933-26-000025,8-K,2026-03-25,"Trade Desk, Inc.  (TTD)  (CIK 0001671933)",https://www.sec.gov/Archives/edgar/data/1671933/000167193326000025/0001671933-26-000025-index.html,https://www.sec.gov/Archives/edgar/data/1671933/000167193326000025
0001677703,0001677703-26-000037,8-K,2026-03-25,CONDUENT Inc  (CNDT)  (CIK 0001677703),https://www.sec.gov/Archives/edgar/data/1677703/000167770326000037/0001677703-26-000037-index.html,https://www.sec.gov/Archives/edgar/data/1677703/000167770326000037
0001949864,0001683168-26-002187,8-K,2026-03-25,Mag Magna Corp  (MGNC)  (CIK 0001949864),https://www.sec.gov/Archives/edgar/data/1949864/000168316826002187/0001683168-26-002187-index.html,https://www.sec.gov/Archives/edgar/data/1949864/000168316826002187
0001690639,0001690639-26-000013,6-K,2026-03-25,VersaBank  (VBNK)  (CIK 0001690639),https://www.sec.gov/Archives/edgar/data/1690639/000169063926000013/0001690639-26-000013-index.html,https://www.sec.gov/Archives/edgar/data/1690639/000169063926000013
0001698530,0001698530-26-000026,8-K,2026-03-25,"EXICURE, INC.  (XCUR)  (CIK 0001698530)",https://www.sec.gov/Archives/edgar/data/1698530/000169853026000026/0001698530-26-000026-index.html,https://www.sec.gov/Archives/edgar/data/1698530/000169853026000026
0001708599,0001708599-26-000018,8-K,2026-03-25,"Serina Therapeutics, Inc.  (SER)  (CIK 0001708599)",https://www.sec.gov/Archives/edgar/data/1708599/000170859926000018/0001708599-26-000018-index.html,https://www.sec.gov/Archives/edgar/data/1708599/000170859926000018
0001709682,0001709682-26-000010,8-K,2026-03-25,"Custom Truck One Source, Inc.  (CTOS)  (CIK 0001709682)",https://www.sec.gov/Archives/edgar/data/1709682/000170968226000010/0001709682-26-000010-index.html,https://www.sec.gov/Archives/edgar/data/1709682/000170968226000010
0001714899,0001714899-26-000030,8-K,2026-03-25,Denali Therapeutics Inc.  (DNLI)  (CIK 0001714899),https://www.sec.gov/Archives/edgar/data/1714899/000171489926000030/0001714899-26-000030-index.html,https://www.sec.gov/Archives/edgar/data/1714899/000171489926000030
0001722387,0001722387-26-000006,6-K,2026-03-25,Integra Resources Corp.  (ITRG)  (CIK 0001722387),https://www.sec.gov/Archives/edgar/data/1722387/000172238726000006/0001722387-26-000006-index.html,https://www.sec.gov/Archives/edgar/data/1722387/000172238726000006
0001924482,0001731122-26-000478,6-K,2026-03-25,Innovation Beverage Group Ltd  (IBG)  (CIK 0001924482),https://www.sec.gov/Archives/edgar/data/1924482/000173112226000478/0001731122-26-000478-index.html,https://www.sec.gov/Archives/edgar/data/1924482/000173112226000478
0001314052,0001731122-26-000482,8-K,2026-03-25,ANAVEX LIFE SCIENCES CORP.  (AVXL)  (CIK 0001314052),https://www.sec.gov/Archives/edgar/data/1314052/000173112226000482/0001731122-26-000482-index.html,https://www.sec.gov/Archives/edgar/data/1314052/000173112226000482
0001855509,0001731122-26-000483,8-K,2026-03-25,"Twin Vee PowerCats, Co.  (VEEE)  (CIK 0001855509)",https://www.sec.gov/Archives/edgar/data/1855509/000173112226000483/0001731122-26-000483-index.html,https://www.sec.gov/Archives/edgar/data/1855509/000173112226000483
0001734722,0001734722-26-000015,8-K,2026-03-25,"UiPath, Inc.  (PATH)  (CIK 0001734722)",https://www.sec.gov/Archives/edgar/data/1734722/000173472226000015/0001734722-26-000015-index.html,https://www.sec.gov/Archives/edgar/data/1734722/000173472226000015
0001749723,0001749723-26-000013,8-K,2026-03-25,New Fortress Energy Inc.  (NFE)  (CIK 0001749723),https://www.sec.gov/Archives/edgar/data/1749723/000174972326000013/0001749723-26-000013-index.html,https://www.sec.gov/Archives/edgar/data/1749723/000174972326000013
0001766502,0001766502-26-000033,8-K,2026-03-25,"Chewy, Inc.  (CHWY)  (CIK 0001766502)",https://www.sec.gov/Archives/edgar/data/1766502/000176650226000033/0001766502-26-000033-index.html,https://www.sec.gov/Archives/edgar/data/1766502/000176650226000033
0001787400,0001787400-26-000005,8-K,2026-03-25,"Nkarta, Inc.  (NKTX)  (CIK 0001787400)",https://www.sec.gov/Archives/edgar/data/1787400/000178740026000005/0001787400-26-000005-index.html,https://www.sec.gov/Archives/edgar/data/1787400/000178740026000005
0001794783,0001794783-26-000022,8-K,2026-03-25,"SelectQuote, Inc.  (SLQT)  (CIK 0001794783)",https://www.sec.gov/Archives/edgar/data/1794783/000179478326000022/0001794783-26-000022-index.html,https://www.sec.gov/Archives/edgar/data/1794783/000179478326000022
0001821534,0001821534-26-000025,8-K,2026-03-25,"Exodus Movement, Inc.  (EXOD)  (CIK 0001821534)",https://www.sec.gov/Archives/edgar/data/1821534/000182153426000025/0001821534-26-000025-index.html,https://www.sec.gov/Archives/edgar/data/1821534/000182153426000025
0001824814,0001824814-26-000018,6-K,2026-03-25,Cognyte Software Ltd.  (CGNT)  (CIK 0001824814),https://www.sec.gov/Archives/edgar/data/1824814/000182481426000018/0001824814-26-000018-index.html,https://www.sec.gov/Archives/edgar/data/1824814/000182481426000018
0002030617,0001829126-26-002663,8-K,2026-03-25,"Picard Medical, Inc.  (PMI)  (CIK 0002030617)",https://www.sec.gov/Archives/edgar/data/2030617/000182912626002663/0001829126-26-002663-index.html,https://www.sec.gov/Archives/edgar/data/2030617/000182912626002663
0002030277,0001829126-26-002696,6-K,2026-03-25,"LEIFRAS Co., Ltd.  (LFS)  (CIK 0002030277)",https://www.sec.gov/Archives/edgar/data/2030277/000182912626002696/0001829126-26-002696-index.html,https://www.sec.gov/Archives/edgar/data/2030277/000182912626002696
0001832511,0001832511-26-000006,8-K,2026-03-25,"P3 Health Partners Inc.  (PIII, PIIIW)  (CIK 0001832511)",https://www.sec.gov/Archives/edgar/data/1832511/000183251126000006/0001832511-26-000006-index.html,https://www.sec.gov/Archives/edgar/data/1832511/000183251126000006
0001836875,0001836875-26-000018,8-K,2026-03-25,"Nuvve Holding Corp.  (NVVE, NVVEW)  (CIK 0001836875)",https://www.sec.gov/Archives/edgar/data/1836875/000183687526000018/0001836875-26-000018-index.html,https://www.sec.gov/Archives/edgar/data/1836875/000183687526000018
0001114446,0001839882-26-017009,6-K,2026-03-25,"UBS AG  (AMUB, BDCX, BDCZ, CEFD, HDLB, IFED, IWDL, IWFL, IWML, MLPB, MLPR, MTUL, MVRL, PFFL, QULL, SCDL)  (CIK 0001114446)",https://www.sec.gov/Archives/edgar/data/1114446/000183988226017009/0001839882-26-017009-index.html,https://www.sec.gov/Archives/edgar/data/1114446/000183988226017009
0001844971,0001844971-26-000008,8-K,2026-03-25,"Greenidge Generation Holdings Inc.  (GREE, GREEL)  (CIK 0001844971)",https://www.sec.gov/Archives/edgar/data/1844971/000184497126000008/0001844971-26-000008-index.html,https://www.sec.gov/Archives/edgar/data/1844971/000184497126000008
0001948056,0001948056-26-000020,8-K,2026-03-25,KKR Infrastructure Conglomerate LLC  (CIK 0001948056),https://www.sec.gov/Archives/edgar/data/1948056/000194805626000020/0001948056-26-000020-index.html,https://www.sec.gov/Archives/edgar/data/1948056/000194805626000020
0001957845,0001957845-26-000026,8-K,2026-03-25,KKR Private Equity Conglomerate LLC  (CIK 0001957845),https://www.sec.gov/Archives/edgar/data/1957845/000195784526000026/0001957845-26-000026-index.html,https://www.sec.gov/Archives/edgar/data/1957845/000195784526000026
0001964333,0001964333-26-000027,8-K,2026-03-25,Burke & Herbert Financial Services Corp.  (BHRB)  (CIK 0001964333),https://www.sec.gov/Archives/edgar/data/1964333/000196433326000027/0001964333-26-000027-index.html,https://www.sec.gov/Archives/edgar/data/1964333/000196433326000027
0001988894,0001988894-26-000035,6-K,2026-03-25,"Amer Sports, Inc.  (AS)  (CIK 0001988894)",https://www.sec.gov/Archives/edgar/data/1988894/000198889426000035/0001988894-26-000035-index.html,https://www.sec.gov/Archives/edgar/data/1988894/000198889426000035
0001997464,0001997464-26-000019,6-K,2026-03-25,Marex Group plc  (MRX)  (CIK 0001997464),https://www.sec.gov/Archives/edgar/data/1997464/000199746426000019/0001997464-26-000019-index.html,https://www.sec.gov/Archives/edgar/data/1997464/000199746426000019
0002013745,0002013745-26-000011,8-K,2026-03-25,"Calumet, Inc. /DE  (CLMT)  (CIK 0002013745)",https://www.sec.gov/Archives/edgar/data/2013745/000201374526000011/0002013745-26-000011-index.html,https://www.sec.gov/Archives/edgar/data/2013745/000201374526000011
0002035304,0002035304-26-000052,6-K,2026-03-25,Titan America SA  (TTAM)  (CIK 0002035304),https://www.sec.gov/Archives/edgar/data/2035304/000203530426000052/0002035304-26-000052-index.html,https://www.sec.gov/Archives/edgar/data/2035304/000203530426000052
0002040127,0002040127-26-000004,8-K,2026-03-25,Karman Holdings Inc.  (KRMN)  (CIK 0002040127),https://www.sec.gov/Archives/edgar/data/2040127/000204012726000004/0002040127-26-000004-index.html,https://www.sec.gov/Archives/edgar/data/2040127/000204012726000004
0002050260,0002050260-26-000017,8-K,2026-03-25,"TPG Private Equity Opportunities, L.P.  (CIK 0002050260)",https://www.sec.gov/Archives/edgar/data/2050260/000205026026000017/0002050260-26-000017-index.html,https://www.sec.gov/Archives/edgar/data/2050260/000205026026000017
0002058897,0002058897-26-000072,6-K,2026-03-25,Grupo Cibest S.A.  (CIB)  (CIK 0002058897),https://www.sec.gov/Archives/edgar/data/2058897/000205889726000072/0002058897-26-000072-index.html,https://www.sec.gov/Archives/edgar/data/2058897/000205889726000072
